Tweets,Sentiments
I wish there was an app that told me how long the line is at Starbuck,0
That s awesome No wonder its such a huge success everyone knows Starbucks Never been there cos AU oh wait its,1
Damn i wish my girlfriend didn t still work at Starbucks I have so much dirt on so many people and i woke up feeling messy today smh,0
I think I deserve Starbucks today,1
starbucks reserve roastery at tropicana gardens soon,1
whoever paid for my breakfast and coffee in the drive thru in front of me at starbucks i love you,1
I want breakfast from Starbucks,1
NO SIGNS ON DOORS OF WILLIAMSVILLE STORE OF CLOSED UNEXPECTEDLY,0
The Starbucks near my job has been closed for dayssss Covid,0
Treat him at Starbucks,1
Want to work at Starbucks We re hiring in England Click the link in our bio for details on this job and more Shi,1
Okay the guy at Starbucks taking my order just made my whole day,1
Working from home this week Do I want to run out and get Starbucks coffee or just drink coffee I have at home,1
Maybe wearing a mask for the protection of others really is too much to ask of a population willing to risk running,0
Could always ask the boy to learn the recipes Thank me later,0
Starbucks is Sbux for short But hOW do I shorten Coffee Bean without going cibai cibai,1
First time I ve left sauga in nearly 6 months dropped my mom off at work and guzzled a Starbucks coffee FEEL,1
wanna rock a Black Lives Matter shirt Better not do it at Starbucks,0
I m at Starbucks in Al Khiran Al Ahmadi,1
Out of 4 coffee chains in my area I would say Caffe Nero is the nicest coffee Followed by Costa Coffe,0
I ve levelled up once again at Starbucks I pull up and they now greet me by name,1
A drive through Starbucks in Parc Pensarn,1
I m fully off my tits on starbucks,0
idk I feel like the comparison should be with clothes shoes maybe lol bc the main reasons are bc of customer ser,0
STARBUCKS Holiday,1
Starbucks over Dunkin today,1
her handwriting markmanship harvest over this year even if it s still three days away But I don t,1
I hate Starbucks names for cup sizes stop trying to act like you re hot shit and just use S M L XL,0
get yourself a big straw cup would be my advice I got a Starbucks one for at home and a proper water,1
C mon app add some canadian retailers I can t stack seriously only by drinking starbucks coffees,0
Tf you mean Lmao Starbucks employee was just dancing to body,0
the dreamies are on another level they acted like nothing happened and went to starbucks i,0
educ8r French roast for me coffee IhateDunkin IhateStarbucks,0
Cyber Monday brings two Starbucks deals including coupons for free drinks and eGift cards Plus the Starbucks for,1
Let me roll my ass to target for coffee I m back on the crack formally known as Starbucks,1
I ve never been to Starbucks alone ww Because I can t drink coffee,0
Lesson I learned today Don t go to Starbucks around 1 pm,0
Not only is it pouring out and I forgot an umbrella Starbucks was closed and I had to get Dunkin before work,0
What s because the political science major is a completely worthless degree and th,0
I wish Starbucks could bring back their cloud macchiato,0
This CyberMonday deal would be great if starbucks didn t shut down the only shop we have and won t,1
Yes yes hyung Ti starbucks,1
I m about to start taking that little ride to Starbucks in the morning for my coffee because these m f at Dunkin be,1
1st why 2nd what kind of coffee are you referring to Real coffee or the coffee flavored milkshakes Starbucks sells,0
Don t forgot the Starbucks cups,1
Getting up in the morning would be a lot easier if or did bedside deliveries,0
Men are confused by the Starbucks menu,0
Off day It s a happy day I studied my English classes on line at Starbucks in the afternoon I hope I can contro,1
I think salted caramel beats them all,1
I think that restaurant will be fine Starbucks outchear calling the police on our brothers for tryna use their Wh,1
We couldn t be happier with these two delicious Starbucks holidaycoffees Peppermint Mocha and Holiday Blend ur,1
This Retail job might be a great fit for you Click the link in our bio to see it and more Shift Supervisor Sto,1
Starbucks Green Tea Cream Frappuccino is top tier,1
10 minutes down the road omw to work and I realize I forget my phone then I have to go get it and still forget my,0
i still really want starbucks though also ignore the button that popped out,1
is there a shortage of Eggnog Lattes or something My store had them for a day or two and have been sold,0
unhe kuch bhi dalkar dedo starbucks ke cup mein they will b happy,1
was going to wear this to get starbucks but i realized its RAINING HARD outside so i would look stupid blowing all,0
I almost laughed out loud at a Starbucks because of this,1
Today is my firstday sa optum then out of nowhere i remembered you again when we re in starbucks you wrote to me,1
I mean If they can t have a lot of sugar they shouldn t drink coffee at Starbucks,0
Christmas Blend Coffee Beans now at Starbucks All is right with the world,1
Medicine Balls are one of the best drinks Starbucks offers,1
I will never give up on fighting at Starbucks,0
At Starbucks Starbuckscoffee,0
If this shit becomes a Starbucks I m throwing a molotav in there COVID is a wealth transfer,1
How do yall like your coffee Starbucks cool,1
Becky s timely weekly podcasts have also become a surrogate for an outdoor activity like a chat with friend,1
New at Starbucks Possible Buy One Now Get One Later Offe,1
Starbucks in the US once did a nitrogen based surger coffee just Guinness its was it freaking AWES,1
Good morning Already at Starbucks for the 2nd time Only been an hour starbuckscoffee MaskUpBuckeyes,1
Drifloon I forgot about Genshin momentarily and thought the cis were trying to gender starbucks sizes and wa,0
Got your point not the first American RobertMcKee,1
queen sushi shein of starbucks wow lowkey sounds cool,1
This bitch at the Starbucks Really Done PMO W this Hot Blueberry muffin this hoe so MOIST,1
can someone from let me know when pumpkin is leaving so i can mentally prepare myself,0
Off to a rough start thanks to starbucks being rude let me go back to sleep n try again in a few hours,0
Starbucks is looking for teammates like you See our latest Retail job openings including Barista Store 50683,1
chris Mate you re yesterday s man China is booming it s driving McDonalds K,0
Starbucks has Christmas cups It s officially Christmas Christmas tunes on in the van,1
OftenMakesMorningsGreat Starbucks I m not going today though Maybe tomorrow,1
whats kyungsoo fav at starbucks,1
Food is terrible I don t bash MCD because it s popular but last time I ate anything it w,0
Can t sleep so I m here eating Starbucks,1
two girls working at starbucks the other day complimented my hair when i went through the drive thru,1
Grogu e a saga fake names no Starbucks,0
Can t miss today by CyberMonday,1
All You want for xmas is starbucks,1
Goodmorning Findom Start my day off right with a Starbucks gift card sent to my email Findomme Goddess Huma,1
I wish I could teleport Starbucks to me rn,1
I love when I come into work amp my bestie has Starbucks waiting for me My whole heart,1
Favorite tiktokdrink starbucks,1
I d go chill in a Starbucks,1
This is a horrible take and this is absolutely a big deal The federal government choosing an all fema,0
Beautiful sunrise this morning It s a crisp 45 out and a Hot bagel for the win Life is good LIVIN,1
My old office was 10 paces from a Starbucks My new office has a McDonald s in the building Work from home gives,0
today gon be a long day might as well order a Starbucks,1
cw food my sister bought us starbucks,1
First week cutting out Starbucks,0
Overpriced anyway,0
We re hiring in Bluewater Click the link in our bio to apply to this job and more Barista Store 12083 BLUEWA,1
Coffee creamer expired while I was away Thankful for Starbucks stars this morning freecofeee,1
I m at Starbucks in Mubarak Al kabeer,1
Spent like 50 on Uber eats to get Starbucks and it seemed like a good idea at first but now I just feel bad about myself lmao,0
When Brian goes to Hollywood and loses his script at Starbucks and those guys call him pretending to be Ja,0
why am I up what time Starbucks open dallas,1
GOODBYE I MISSED CHENRA BCS I WAS AT STARBUCKS,1
Cloudy sky amp starbucks,1
johnson Starbucks lol,1
Starbucks is closed Dayum,0
Don t be shy Score a job like Shift Supervisor Store 13028 MANCHESTER BARTON DO at Starbucks by asking for r,1
Amazon LYFT UBER Starbucks Walmart Target Lowe s Home Depot are BILLION DOLLAR COR,1
not the Starbucks airport having a black pink marathon,0
Kid The discount gives me 50c my regular order so that means i get TWO free drinks if I buy enough starbucks right,1
Current fav starbucks drink Asian Dolce Latte with extra shot amp caramel upside down,1
Wow starbucks krispy kreme or McDonald s,1
VIP hart Most real bots I ve seen are humans that studied arts and soft scie,1
This morning the girl at the drive thru window at Starbucks told me I m pretty and have gorgeous eyes And that s w,1
Yes maybe I ll finally order my Starbucks,1
How has nct dream not been on like a struggle tweet like they got detained at a chilen airport and got Starbucks af,1
I hope that Jenna amp all the other liars and enablers never find responsible work again Maybe she ca,1
In starbucks,1
To starbucks,1
We bought a Breville 600 and won t ever be turning back By end of first week you will be making espre,1
The U S GOVERNMENT has NOT been creating good paying jobs for ALL Americans nor have they b,1
Looking to score a job at Starbucks You re in luck Click the link in our bio for the job description and informat,1
starbucks matcha latte is good tho,1
Wilbur would totally be a starbucks worker,1
14 hour wait for just an okay burger I wait 5 minutes for a Starbucks and I get a little antsy,0
daebak starbucks buy 1 get 1,1
Good morning everyone Just went to and got my pink drink Such a great start to any kind of morning ev,0
they re at starbucks tho,1
Def going to Starbucks I m already late,1
89 99 starbucks,1
No more Starbucks on weekdays,0
Queen Guava Mouse of Starbucks,1
She s here And has brought Starbucks,1
2020 and Muslims still think the USA is in the Middle East to build Starbucks coffee shops and hang pride flags to,0
I mixed chocolate chips and Starbucks coffee in my coffee filter this morning Coffee tastes the same Choc chips t,1
Family Mart mmg called Famina in Japan They like to shorten everything Like Sutaba is Starbucks,1
I m at Starbucks in Jeddah Makkah,1
Like many restaurants and retailers Starbucks has been severely affected by the impacts of the COVID 19 pandemic t,0
Lawsuit alleges Starbucks fired Christian barista who refused to wear LGBT pride shirt,0
Like many restaurants and retailers Starbucks has been severely affected by the impacts of the COVID 19 pandemic t,0
they re in starbucks,1
Idk if it s just some new policy or what but I order Starbucks delivery and it comes with this pretty nice looking,1
Hey cool 6 for a drink and you can t even fill the thing up,0
Starbucks Tea Cup,1
I want Starbucks today Pay it forward piglets tinyberrys findom finD paypig humanatm footdomme footfetish wal,1
I m at Starbucks in Jeddah Makkah,1
Interested in a job in England This could be a great fit Retail,1
Wore my old blm Starbucks shirt to work now I owe shorty a tumbler,0
How close WHILE i was sitting in the drive thru for 10 min the barista sat there n ignored me as i try,0
Starbucks fired NJ barista for refusing to wear Pride shirt lawsuit claims Career,0
Help a Starbucks barista out I m the one making your grande Caramel iced latte PLTPINKMONDAY,1
It s 6 am how tf is Starbucks out of supplies,0
Up before my alarm Starbucks run then work,1
have you ever tried starbucks famous gingerbread latte,1
i m pretty sure he s mentioned it and i think he gets almond milk for his starbucks orders,1
If you re a Starbucks addict I HIGHLY recommend buying a NespressoExpresso Worth every penny,0
Starbucks,1
i m not a coffee person but I really want to try the toffee nut latte drink at starbucks,1
Want to work at Starbucks We re hiring in GBR Click for details Retail,1
It was my complimentary slice of brithday cake fr Starbucks Hehe And last day to redeem I almost forgot,1
your new Chai Tea is horrible please bring the old flavor back so we can share our drinks between,0
Yessir 50 off digital downloads less than a cup of starbucks 25 off all prin,0
We help you to Scrape complete list of Starbucks Store Location in the USA it includes Geo Coded Address etc f,1
this is actually just copypasta i dont consume long sweet starbucks drinks bc i know minghao will,0
starbucks amp chai wala can take all my money fr,0
here at my usual starbucks place rn and my barista friends here are so sweet i even asked them to play bts songs and they did m soft,1
Starbucks made my matcha so wrong,0
We re hiring in LondonColney England Click the link in our bio to apply to this job and more Barista Store,1
web dev to be fair the daily Starbucks probably isn t helping either,0
starbucks,1
Toffee nut latte season this is the only time of the year you ll see me drink iced coffee from starbucks cos i always get htp,1
In a job interview before talking business one of the first questions Howard Schultz of Starbucks likes to ask is,1
SBUX s in Uptrend Moving Average Convergence Divergence MACD Histogram just turned positive View odds for this,1
Great resource to explain why we emphasize building your own illness scripts and understanding how to put them to u,0
Parts used gatoradecoolblue20oz cap dasani body le minerale neck flip starbucks cup bottom Background b,1
nom starbucks hot coffee subpar starbucks frappucinos slap though,1
and r412 If you can afford to spend 5000 on equipment that makes you virtually,0
A Greek and Italian were sitting in a Starbuck s one day discussing who had the superior culture Over triple latte,1
Come to starbucks nearby savemore,1
Istg men are so annoying I m at Starbucks trying to study and these two mfs kept taking turns trying to have a con,0
How Starbucks taste,1
quick do i treat myself to starbucks,1
someone bring me starbucks,1
scamander Just love Starbucks,1
Starbucks is back open from TODAY We are serving takeaway today and tomorrow with access from the external ter,1
what is your favorite iced coffee from starbucks,1
Check out what I just added to my closet on Poshmark 2013 Starbucks Coffee Mugs Rosanna Gold Geometric,1
starbucks barista xu minghao who glares at people who orders venti carmel frappuccino with non fat coconut milk exa,1
If have coffee and something I can swallow use local only for sure whatever town or city not a plast,1
Only starbucks,1
all i want is for starbucks to bring the irish cream cold brew back,1
Waking up to dividends starbucks boss sbux dividends,1
Starbucks by my job got the most inconsistent schedule I ever seen They run it like a corner store,1
Ughhhh I really wish these still existed,0
when you fancy a treat and all the Christmas coffees are out of stock ask for a latte with a Hazelnut s,1
Starbucks Coffee Mug CHARLOTTE You Are Here Collection Mug Series 14 OZ for CAD 39 99 via,1
